Average,R square,Std Deviation,RMSE,Std Error,Evaluation Variance Score
7.057969796754845,0.9999089911104245,52725.20688345274,52725.20735585427,467.052188155999,0.9999089911120553
527.8030703309122,0.9934772907269332,464789.815679333,464790.1153588675,6288.412221992206,0.9934772991381355
